/home/harry/pratt/neural_network/ImagesCollection/IMG0/Image_1609962061288175.jpg,0.0
/home/harry/pratt/neural_network/ImagesCollection/IMG0/Image_1609962061480106.jpg,0.0
/home/harry/pratt/neural_network/ImagesCollection/IMG0/Image_1609962061536312.jpg,0.0
/home/harry/pratt/neural_network/ImagesCollection/IMG0/Image_1609962061561093.jpg,0.0
/home/harry/pratt/neural_network/ImagesCollection/IMG0/Image_1609962061579101.jpg,0.0
/home/harry/pratt/neural_network/ImagesCollection/IMG0/Image_1609962061596763.jpg,0.0
/home/harry/pratt/neural_network/ImagesCollection/IMG0/Image_1609962061616144.jpg,0.0
/home/harry/pratt/neural_network/ImagesCollection/IMG0/Image_1609962061635756.jpg,0.0
/home/harry/pratt/neural_network/ImagesCollection/IMG0/Image_1609962061663636.jpg,0.0
/home/harry/pratt/neural_network/ImagesCollection/IMG0/Image_1609962061676591.jpg,0.0
/home/harry/pratt/neural_network/ImagesCollection/IMG0/Image_1609962061702417.jpg,0.0
/home/harry/pratt/neural_network/ImagesCollection/IMG0/Image_1609962061722469.jpg,0.0
/home/harry/pratt/neural_network/ImagesCollection/IMG0/Image_1609962061744952.jpg,0.0
/home/harry/pratt/neural_network/ImagesCollection/IMG0/Image_1609962061767361.jpg,-0.02
/home/harry/pratt/neural_network/ImagesCollection/IMG0/Image_160996206178705.jpg,-0.1
/home/harry/pratt/neural_network/ImagesCollection/IMG0/Image_1609962061810826.jpg,-0.17
/home/harry/pratt/neural_network/ImagesCollection/IMG0/Image_1609962061842315.jpg,-0.24
/home/harry/pratt/neural_network/ImagesCollection/IMG0/Image_1609962061858444.jpg,-0.25
/home/harry/pratt/neural_network/ImagesCollection/IMG0/Image_1609962061874226.jpg,-0.25
/home/harry/pratt/neural_network/ImagesCollection/IMG0/Image_160996206189007.jpg,-0.26
/home/harry/pratt/neural_network/ImagesCollection/IMG0/Image_160996206190822.jpg,-0.25
/home/harry/pratt/neural_network/ImagesCollection/IMG0/Image_1609962061923148.jpg,-0.26
/home/harry/pratt/neural_network/ImagesCollection/IMG0/Image_1609962061937013.jpg,-0.25
/home/harry/pratt/neural_network/ImagesCollection/IMG0/Image_1609962061951782.jpg,-0.25
/home/harry/pratt/neural_network/ImagesCollection/IMG0/Image_1609962061975014.jpg,-0.26
/home/harry/pratt/neural_network/ImagesCollection/IMG0/Image_160996206199204.jpg,-0.26
/home/harry/pratt/neural_network/ImagesCollection/IMG0/Image_160996206202097.jpg,-0.28
/home/harry/pratt/neural_network/ImagesCollection/IMG0/Image_1609962062041384.jpg,-0.31
/home/harry/pratt/neural_network/ImagesCollection/IMG0/Image_160996206206759.jpg,-0.31
/home/harry/pratt/neural_network/ImagesCollection/IMG0/Image_1609962062094887.jpg,-0.31
/home/harry/pratt/neural_network/ImagesCollection/IMG0/Image_1609962062108893.jpg,-0.31
/home/harry/pratt/neural_network/ImagesCollection/IMG0/Image_160996206212624.jpg,-0.3
/home/harry/pratt/neural_network/ImagesCollection/IMG0/Image_1609962062140049.jpg,-0.31
/home/harry/pratt/neural_network/ImagesCollection/IMG0/Image_1609962062160255.jpg,-0.31
/home/harry/pratt/neural_network/ImagesCollection/IMG0/Image_1609962062184013.jpg,-0.31
/home/harry/pratt/neural_network/ImagesCollection/IMG0/Image_1609962062205766.jpg,-0.3
/home/harry/pratt/neural_network/ImagesCollection/IMG0/Image_160996206222601.jpg,-0.31
/home/harry/pratt/neural_network/ImagesCollection/IMG0/Image_1609962062241778.jpg,-0.2
/home/harry/pratt/neural_network/ImagesCollection/IMG0/Image_1609962062267008.jpg,-0.12
/home/harry/pratt/neural_network/ImagesCollection/IMG0/Image_1609962062289368.jpg,0.0
/home/harry/pratt/neural_network/ImagesCollection/IMG0/Image_1609962062302379.jpg,0.0
/home/harry/pratt/neural_network/ImagesCollection/IMG0/Image_1609962062324658.jpg,0.0
/home/harry/pratt/neural_network/ImagesCollection/IMG0/Image_1609962062338528.jpg,0.0
/home/harry/pratt/neural_network/ImagesCollection/IMG0/Image_1609962062350554.jpg,0.0
/home/harry/pratt/neural_network/ImagesCollection/IMG0/Image_160996206237222.jpg,0.0
/home/harry/pratt/neural_network/ImagesCollection/IMG0/Image_1609962062389475.jpg,0.0
/home/harry/pratt/neural_network/ImagesCollection/IMG0/Image_1609962062409359.jpg,0.0
/home/harry/pratt/neural_network/ImagesCollection/IMG0/Image_1609962062424406.jpg,0.0
/home/harry/pratt/neural_network/ImagesCollection/IMG0/Image_1609962062443113.jpg,0.0
/home/harry/pratt/neural_network/ImagesCollection/IMG0/Image_1609962062457976.jpg,0.0
/home/harry/pratt/neural_network/ImagesCollection/IMG0/Image_1609962062475756.jpg,0.0
/home/harry/pratt/neural_network/ImagesCollection/IMG0/Image_1609962062499663.jpg,0.0
/home/harry/pratt/neural_network/ImagesCollection/IMG0/Image_160996206252134.jpg,0.0
/home/harry/pratt/neural_network/ImagesCollection/IMG0/Image_1609962062543684.jpg,0.0
/home/harry/pratt/neural_network/ImagesCollection/IMG0/Image_1609962062559637.jpg,0.0
/home/harry/pratt/neural_network/ImagesCollection/IMG0/Image_1609962062579459.jpg,0.0
/home/harry/pratt/neural_network/ImagesCollection/IMG0/Image_1609962062597406.jpg,0.0
/home/harry/pratt/neural_network/ImagesCollection/IMG0/Image_1609962062610929.jpg,0.0
/home/harry/pratt/neural_network/ImagesCollection/IMG0/Image_1609962062630354.jpg,0.0
/home/harry/pratt/neural_network/ImagesCollection/IMG0/Image_1609962062647934.jpg,0.0
/home/harry/pratt/neural_network/ImagesCollection/IMG0/Image_1609962062665171.jpg,0.0
/home/harry/pratt/neural_network/ImagesCollection/IMG0/Image_1609962062684065.jpg,0.0
/home/harry/pratt/neural_network/ImagesCollection/IMG0/Image_1609962062706531.jpg,0.0
/home/harry/pratt/neural_network/ImagesCollection/IMG0/Image_1609962062720655.jpg,0.0
/home/harry/pratt/neural_network/ImagesCollection/IMG0/Image_1609962062736465.jpg,0.0
/home/harry/pratt/neural_network/ImagesCollection/IMG0/Image_1609962062756338.jpg,0.0
/home/harry/pratt/neural_network/ImagesCollection/IMG0/Image_1609962062775797.jpg,-0.04
/home/harry/pratt/neural_network/ImagesCollection/IMG0/Image_1609962062791169.jpg,-0.06
/home/harry/pratt/neural_network/ImagesCollection/IMG0/Image_1609962062808349.jpg,-0.06
/home/harry/pratt/neural_network/ImagesCollection/IMG0/Image_1609962062823499.jpg,-0.07
/home/harry/pratt/neural_network/ImagesCollection/IMG0/Image_1609962062856346.jpg,-0.07
/home/harry/pratt/neural_network/ImagesCollection/IMG0/Image_1609962062869233.jpg,-0.06
/home/harry/pratt/neural_network/ImagesCollection/IMG0/Image_1609962062884812.jpg,-0.06
/home/harry/pratt/neural_network/ImagesCollection/IMG0/Image_1609962062906225.jpg,-0.07
/home/harry/pratt/neural_network/ImagesCollection/IMG0/Image_1609962062922471.jpg,-0.06
/home/harry/pratt/neural_network/ImagesCollection/IMG0/Image_1609962062943242.jpg,-0.07
/home/harry/pratt/neural_network/ImagesCollection/IMG0/Image_1609962062958649.jpg,-0.06
/home/harry/pratt/neural_network/ImagesCollection/IMG0/Image_1609962062981541.jpg,-0.07
/home/harry/pratt/neural_network/ImagesCollection/IMG0/Image_1609962063001202.jpg,-0.06
/home/harry/pratt/neural_network/ImagesCollection/IMG0/Image_1609962063023532.jpg,-0.07
/home/harry/pratt/neural_network/ImagesCollection/IMG0/Image_1609962063035892.jpg,-0.06
/home/harry/pratt/neural_network/ImagesCollection/IMG0/Image_1609962063055023.jpg,-0.06
/home/harry/pratt/neural_network/ImagesCollection/IMG0/Image_1609962063075102.jpg,-0.07
/home/harry/pratt/neural_network/ImagesCollection/IMG0/Image_1609962063090854.jpg,-0.07
/home/harry/pratt/neural_network/ImagesCollection/IMG0/Image_1609962063106254.jpg,-0.11
/home/harry/pratt/neural_network/ImagesCollection/IMG0/Image_1609962063126909.jpg,-0.15
/home/harry/pratt/neural_network/ImagesCollection/IMG0/Image_1609962063149829.jpg,-0.17
/home/harry/pratt/neural_network/ImagesCollection/IMG0/Image_1609962063167322.jpg,-0.17
/home/harry/pratt/neural_network/ImagesCollection/IMG0/Image_1609962063189452.jpg,-0.18
/home/harry/pratt/neural_network/ImagesCollection/IMG0/Image_1609962063203818.jpg,-0.17
/home/harry/pratt/neural_network/ImagesCollection/IMG0/Image_1609962063220254.jpg,-0.18
/home/harry/pratt/neural_network/ImagesCollection/IMG0/Image_1609962063234965.jpg,-0.18
/home/harry/pratt/neural_network/ImagesCollection/IMG0/Image_1609962063251084.jpg,-0.18
/home/harry/pratt/neural_network/ImagesCollection/IMG0/Image_1609962063267072.jpg,-0.18
/home/harry/pratt/neural_network/ImagesCollection/IMG0/Image_1609962063291807.jpg,-0.17
/home/harry/pratt/neural_network/ImagesCollection/IMG0/Image_1609962063317716.jpg,-0.17
/home/harry/pratt/neural_network/ImagesCollection/IMG0/Image_1609962063335393.jpg,-0.18
/home/harry/pratt/neural_network/ImagesCollection/IMG0/Image_160996206335114.jpg,-0.18
/home/harry/pratt/neural_network/ImagesCollection/IMG0/Image_1609962063366735.jpg,-0.18
/home/harry/pratt/neural_network/ImagesCollection/IMG0/Image_1609962063381818.jpg,-0.18
/home/harry/pratt/neural_network/ImagesCollection/IMG0/Image_1609962063396028.jpg,-0.18
/home/harry/pratt/neural_network/ImagesCollection/IMG0/Image_1609962063411312.jpg,-0.18
/home/harry/pratt/neural_network/ImagesCollection/IMG0/Image_1609962063429646.jpg,-0.18
/home/harry/pratt/neural_network/ImagesCollection/IMG0/Image_1609962063447129.jpg,-0.18
/home/harry/pratt/neural_network/ImagesCollection/IMG0/Image_1609962063471097.jpg,-0.18
/home/harry/pratt/neural_network/ImagesCollection/IMG0/Image_1609962063485095.jpg,-0.16
/home/harry/pratt/neural_network/ImagesCollection/IMG0/Image_1609962063504724.jpg,-0.16
/home/harry/pratt/neural_network/ImagesCollection/IMG0/Image_1609962063524812.jpg,-0.1
/home/harry/pratt/neural_network/ImagesCollection/IMG0/Image_1609962063541196.jpg,-0.08
/home/harry/pratt/neural_network/ImagesCollection/IMG0/Image_1609962063558785.jpg,-0.07
/home/harry/pratt/neural_network/ImagesCollection/IMG0/Image_160996206357451.jpg,-0.06
/home/harry/pratt/neural_network/ImagesCollection/IMG0/Image_1609962063594044.jpg,-0.04
/home/harry/pratt/neural_network/ImagesCollection/IMG0/Image_1609962063608224.jpg,0.0
/home/harry/pratt/neural_network/ImagesCollection/IMG0/Image_1609962063626353.jpg,0.0
/home/harry/pratt/neural_network/ImagesCollection/IMG0/Image_1609962063641704.jpg,0.0
/home/harry/pratt/neural_network/ImagesCollection/IMG0/Image_1609962063659749.jpg,0.0
/home/harry/pratt/neural_network/ImagesCollection/IMG0/Image_1609962063678262.jpg,0.0
/home/harry/pratt/neural_network/ImagesCollection/IMG0/Image_1609962063701287.jpg,0.0
/home/harry/pratt/neural_network/ImagesCollection/IMG0/Image_1609962063719471.jpg,0.0
/home/harry/pratt/neural_network/ImagesCollection/IMG0/Image_1609962063734835.jpg,0.0
/home/harry/pratt/neural_network/ImagesCollection/IMG0/Image_1609962063758903.jpg,0.0
/home/harry/pratt/neural_network/ImagesCollection/IMG0/Image_1609962063777881.jpg,0.0
/home/harry/pratt/neural_network/ImagesCollection/IMG0/Image_1609962063798703.jpg,0.0
/home/harry/pratt/neural_network/ImagesCollection/IMG0/Image_160996206382365.jpg,0.0
/home/harry/pratt/neural_network/ImagesCollection/IMG0/Image_1609962063840566.jpg,0.0
/home/harry/pratt/neural_network/ImagesCollection/IMG0/Image_1609962063857224.jpg,0.0
/home/harry/pratt/neural_network/ImagesCollection/IMG0/Image_1609962063877836.jpg,0.0
/home/harry/pratt/neural_network/ImagesCollection/IMG0/Image_1609962063894848.jpg,0.0
/home/harry/pratt/neural_network/ImagesCollection/IMG0/Image_1609962063915061.jpg,0.0
/home/harry/pratt/neural_network/ImagesCollection/IMG0/Image_1609962063937483.jpg,0.0
/home/harry/pratt/neural_network/ImagesCollection/IMG0/Image_1609962063956681.jpg,0.0
/home/harry/pratt/neural_network/ImagesCollection/IMG0/Image_1609962063979307.jpg,0.0
/home/harry/pratt/neural_network/ImagesCollection/IMG0/Image_1609962063991208.jpg,0.0
/home/harry/pratt/neural_network/ImagesCollection/IMG0/Image_1609962064011889.jpg,0.0
/home/harry/pratt/neural_network/ImagesCollection/IMG0/Image_1609962064026558.jpg,0.0
/home/harry/pratt/neural_network/ImagesCollection/IMG0/Image_160996206405604.jpg,0.0
/home/harry/pratt/neural_network/ImagesCollection/IMG0/Image_1609962064074194.jpg,0.0
/home/harry/pratt/neural_network/ImagesCollection/IMG0/Image_1609962064088426.jpg,0.0
/home/harry/pratt/neural_network/ImagesCollection/IMG0/Image_1609962064103618.jpg,0.0
/home/harry/pratt/neural_network/ImagesCollection/IMG0/Image_1609962064123815.jpg,0.0
/home/harry/pratt/neural_network/ImagesCollection/IMG0/Image_1609962064144469.jpg,0.0
/home/harry/pratt/neural_network/ImagesCollection/IMG0/Image_1609962064165277.jpg,0.0
/home/harry/pratt/neural_network/ImagesCollection/IMG0/Image_1609962064191729.jpg,0.0
/home/harry/pratt/neural_network/ImagesCollection/IMG0/Image_1609962064208431.jpg,0.0
/home/harry/pratt/neural_network/ImagesCollection/IMG0/Image_160996206422697.jpg,0.0
/home/harry/pratt/neural_network/ImagesCollection/IMG0/Image_1609962064244886.jpg,0.0
/home/harry/pratt/neural_network/ImagesCollection/IMG0/Image_1609962064260775.jpg,0.0
/home/harry/pratt/neural_network/ImagesCollection/IMG0/Image_1609962064280919.jpg,0.0
/home/harry/pratt/neural_network/ImagesCollection/IMG0/Image_1609962064300672.jpg,0.0
/home/harry/pratt/neural_network/ImagesCollection/IMG0/Image_1609962064322318.jpg,0.0
/home/harry/pratt/neural_network/ImagesCollection/IMG0/Image_1609962064341211.jpg,0.0
/home/harry/pratt/neural_network/ImagesCollection/IMG0/Image_1609962064362447.jpg,0.0
/home/harry/pratt/neural_network/ImagesCollection/IMG0/Image_1609962064379715.jpg,0.0
/home/harry/pratt/neural_network/ImagesCollection/IMG0/Image_1609962064396284.jpg,0.0
/home/harry/pratt/neural_network/ImagesCollection/IMG0/Image_1609962064412258.jpg,0.0
/home/harry/pratt/neural_network/ImagesCollection/IMG0/Image_1609962064430272.jpg,0.0
/home/harry/pratt/neural_network/ImagesCollection/IMG0/Image_1609962064449402.jpg,0.0
/home/harry/pratt/neural_network/ImagesCollection/IMG0/Image_1609962064474213.jpg,0.0
/home/harry/pratt/neural_network/ImagesCollection/IMG0/Image_1609962064492274.jpg,0.0
/home/harry/pratt/neural_network/ImagesCollection/IMG0/Image_160996206450921.jpg,0.0
/home/harry/pratt/neural_network/ImagesCollection/IMG0/Image_1609962064528368.jpg,0.0
/home/harry/pratt/neural_network/ImagesCollection/IMG0/Image_1609962064553116.jpg,0.0
/home/harry/pratt/neural_network/ImagesCollection/IMG0/Image_1609962064575089.jpg,0.0
/home/harry/pratt/neural_network/ImagesCollection/IMG0/Image_1609962064588409.jpg,0.0
/home/harry/pratt/neural_network/ImagesCollection/IMG0/Image_1609962064609169.jpg,0.0
/home/harry/pratt/neural_network/ImagesCollection/IMG0/Image_1609962064623827.jpg,0.0
/home/harry/pratt/neural_network/ImagesCollection/IMG0/Image_1609962064642018.jpg,0.0
/home/harry/pratt/neural_network/ImagesCollection/IMG0/Image_1609962064659319.jpg,0.0
/home/harry/pratt/neural_network/ImagesCollection/IMG0/Image_1609962064675953.jpg,0.0
/home/harry/pratt/neural_network/ImagesCollection/IMG0/Image_1609962064704177.jpg,-0.02
/home/harry/pratt/neural_network/ImagesCollection/IMG0/Image_1609962064725917.jpg,-0.06
/home/harry/pratt/neural_network/ImagesCollection/IMG0/Image_1609962064740737.jpg,-0.07
/home/harry/pratt/neural_network/ImagesCollection/IMG0/Image_1609962064756981.jpg,-0.07
/home/harry/pratt/neural_network/ImagesCollection/IMG0/Image_1609962064776095.jpg,-0.08
/home/harry/pratt/neural_network/ImagesCollection/IMG0/Image_1609962064791028.jpg,-0.08
/home/harry/pratt/neural_network/ImagesCollection/IMG0/Image_1609962064808375.jpg,-0.08
/home/harry/pratt/neural_network/ImagesCollection/IMG0/Image_1609962064824745.jpg,-0.08
/home/harry/pratt/neural_network/ImagesCollection/IMG0/Image_1609962064842659.jpg,-0.08
/home/harry/pratt/neural_network/ImagesCollection/IMG0/Image_1609962064863717.jpg,-0.08
/home/harry/pratt/neural_network/ImagesCollection/IMG0/Image_1609962064881899.jpg,-0.08
/home/harry/pratt/neural_network/ImagesCollection/IMG0/Image_1609962064898266.jpg,-0.07
/home/harry/pratt/neural_network/ImagesCollection/IMG0/Image_1609962064917852.jpg,-0.05
/home/harry/pratt/neural_network/ImagesCollection/IMG0/Image_1609962064936852.jpg,0.0
/home/harry/pratt/neural_network/ImagesCollection/IMG0/Image_160996206495228.jpg,0.0
/home/harry/pratt/neural_network/ImagesCollection/IMG0/Image_1609962064974968.jpg,0.0
/home/harry/pratt/neural_network/ImagesCollection/IMG0/Image_1609962064993998.jpg,0.0
/home/harry/pratt/neural_network/ImagesCollection/IMG0/Image_1609962065012615.jpg,0.0
/home/harry/pratt/neural_network/ImagesCollection/IMG0/Image_1609962065031185.jpg,0.0
/home/harry/pratt/neural_network/ImagesCollection/IMG0/Image_1609962065045861.jpg,0.0
/home/harry/pratt/neural_network/ImagesCollection/IMG0/Image_1609962065063672.jpg,0.0
/home/harry/pratt/neural_network/ImagesCollection/IMG0/Image_1609962065083397.jpg,0.0
/home/harry/pratt/neural_network/ImagesCollection/IMG0/Image_1609962065102545.jpg,0.0
/home/harry/pratt/neural_network/ImagesCollection/IMG0/Image_1609962065126792.jpg,0.0
/home/harry/pratt/neural_network/ImagesCollection/IMG0/Image_1609962065141633.jpg,0.0
/home/harry/pratt/neural_network/ImagesCollection/IMG0/Image_1609962065160883.jpg,0.0
/home/harry/pratt/neural_network/ImagesCollection/IMG0/Image_1609962065181409.jpg,0.0
/home/harry/pratt/neural_network/ImagesCollection/IMG0/Image_1609962065201809.jpg,0.0
/home/harry/pratt/neural_network/ImagesCollection/IMG0/Image_160996206521985.jpg,0.0
/home/harry/pratt/neural_network/ImagesCollection/IMG0/Image_1609962065234876.jpg,0.0
/home/harry/pratt/neural_network/ImagesCollection/IMG0/Image_1609962065255965.jpg,0.0
/home/harry/pratt/neural_network/ImagesCollection/IMG0/Image_1609962065270163.jpg,0.0
/home/harry/pratt/neural_network/ImagesCollection/IMG0/Image_1609962065288939.jpg,0.0
/home/harry/pratt/neural_network/ImagesCollection/IMG0/Image_1609962065304412.jpg,0.0
/home/harry/pratt/neural_network/ImagesCollection/IMG0/Image_16099620653247.jpg,0.0
/home/harry/pratt/neural_network/ImagesCollection/IMG0/Image_1609962065344342.jpg,0.0
/home/harry/pratt/neural_network/ImagesCollection/IMG0/Image_160996206536609.jpg,0.0
/home/harry/pratt/neural_network/ImagesCollection/IMG0/Image_1609962065381841.jpg,0.0
/home/harry/pratt/neural_network/ImagesCollection/IMG0/Image_1609962065398534.jpg,0.0
/home/harry/pratt/neural_network/ImagesCollection/IMG0/Image_1609962065420898.jpg,0.0
/home/harry/pratt/neural_network/ImagesCollection/IMG0/Image_1609962065435448.jpg,0.0
/home/harry/pratt/neural_network/ImagesCollection/IMG0/Image_1609962065452192.jpg,0.0
/home/harry/pratt/neural_network/ImagesCollection/IMG0/Image_1609962065469343.jpg,0.0
/home/harry/pratt/neural_network/ImagesCollection/IMG0/Image_1609962065485569.jpg,0.0
/home/harry/pratt/neural_network/ImagesCollection/IMG0/Image_1609962065503142.jpg,0.0
/home/harry/pratt/neural_network/ImagesCollection/IMG0/Image_1609962065524195.jpg,0.0
/home/harry/pratt/neural_network/ImagesCollection/IMG0/Image_1609962065537493.jpg,0.0
/home/harry/pratt/neural_network/ImagesCollection/IMG0/Image_1609962065557382.jpg,0.0
/home/harry/pratt/neural_network/ImagesCollection/IMG0/Image_160996206556944.jpg,0.0
/home/harry/pratt/neural_network/ImagesCollection/IMG0/Image_1609962065585364.jpg,0.0
/home/harry/pratt/neural_network/ImagesCollection/IMG0/Image_1609962065606266.jpg,0.0
/home/harry/pratt/neural_network/ImagesCollection/IMG0/Image_1609962065619134.jpg,0.0
/home/harry/pratt/neural_network/ImagesCollection/IMG0/Image_160996206564169.jpg,0.0
/home/harry/pratt/neural_network/ImagesCollection/IMG0/Image_160996206565922.jpg,0.0
/home/harry/pratt/neural_network/ImagesCollection/IMG0/Image_1609962065679104.jpg,0.0
/home/harry/pratt/neural_network/ImagesCollection/IMG0/Image_1609962065694938.jpg,-0.01
/home/harry/pratt/neural_network/ImagesCollection/IMG0/Image_1609962065711564.jpg,-0.05
/home/harry/pratt/neural_network/ImagesCollection/IMG0/Image_1609962065733682.jpg,-0.07
/home/harry/pratt/neural_network/ImagesCollection/IMG0/Image_1609962065749568.jpg,-0.07
/home/harry/pratt/neural_network/ImagesCollection/IMG0/Image_160996206576692.jpg,-0.07
/home/harry/pratt/neural_network/ImagesCollection/IMG0/Image_1609962065782836.jpg,-0.07
/home/harry/pratt/neural_network/ImagesCollection/IMG0/Image_1609962065807367.jpg,-0.07
/home/harry/pratt/neural_network/ImagesCollection/IMG0/Image_1609962065824436.jpg,-0.07
/home/harry/pratt/neural_network/ImagesCollection/IMG0/Image_1609962065843606.jpg,-0.08
/home/harry/pratt/neural_network/ImagesCollection/IMG0/Image_160996206586032.jpg,-0.08
/home/harry/pratt/neural_network/ImagesCollection/IMG0/Image_1609962065875119.jpg,-0.12
/home/harry/pratt/neural_network/ImagesCollection/IMG0/Image_1609962065891871.jpg,-0.15
/home/harry/pratt/neural_network/ImagesCollection/IMG0/Image_1609962065907728.jpg,-0.15
/home/harry/pratt/neural_network/ImagesCollection/IMG0/Image_1609962065925927.jpg,-0.16
/home/harry/pratt/neural_network/ImagesCollection/IMG0/Image_1609962065943476.jpg,-0.15
/home/harry/pratt/neural_network/ImagesCollection/IMG0/Image_1609962065970506.jpg,-0.16
/home/harry/pratt/neural_network/ImagesCollection/IMG0/Image_1609962065992844.jpg,-0.16
/home/harry/pratt/neural_network/ImagesCollection/IMG0/Image_1609962066009321.jpg,-0.15
/home/harry/pratt/neural_network/ImagesCollection/IMG0/Image_160996206602372.jpg,-0.16
/home/harry/pratt/neural_network/ImagesCollection/IMG0/Image_1609962066042232.jpg,-0.16
/home/harry/pratt/neural_network/ImagesCollection/IMG0/Image_1609962066058367.jpg,-0.15
/home/harry/pratt/neural_network/ImagesCollection/IMG0/Image_1609962066077129.jpg,-0.15
/home/harry/pratt/neural_network/ImagesCollection/IMG0/Image_1609962066092992.jpg,-0.09
/home/harry/pratt/neural_network/ImagesCollection/IMG0/Image_1609962066108656.jpg,-0.05
/home/harry/pratt/neural_network/ImagesCollection/IMG0/Image_1609962066128001.jpg,0.0
/home/harry/pratt/neural_network/ImagesCollection/IMG0/Image_1609962066141942.jpg,0.0
/home/harry/pratt/neural_network/ImagesCollection/IMG0/Image_1609962066160359.jpg,0.0
/home/harry/pratt/neural_network/ImagesCollection/IMG0/Image_1609962066183648.jpg,0.0
/home/harry/pratt/neural_network/ImagesCollection/IMG0/Image_160996206619737.jpg,0.0
/home/harry/pratt/neural_network/ImagesCollection/IMG0/Image_1609962066215007.jpg,0.0
/home/harry/pratt/neural_network/ImagesCollection/IMG0/Image_160996206623635.jpg,0.0
/home/harry/pratt/neural_network/ImagesCollection/IMG0/Image_1609962066256399.jpg,0.0
/home/harry/pratt/neural_network/ImagesCollection/IMG0/Image_1609962066271189.jpg,0.0
/home/harry/pratt/neural_network/ImagesCollection/IMG0/Image_1609962066293114.jpg,0.0
/home/harry/pratt/neural_network/ImagesCollection/IMG0/Image_160996206631753.jpg,0.0
/home/harry/pratt/neural_network/ImagesCollection/IMG0/Image_1609962066326696.jpg,0.0
/home/harry/pratt/neural_network/ImagesCollection/IMG0/Image_1609962066344971.jpg,0.0
/home/harry/pratt/neural_network/ImagesCollection/IMG0/Image_1609962066374542.jpg,0.0
/home/harry/pratt/neural_network/ImagesCollection/IMG0/Image_1609962066398674.jpg,0.0
/home/harry/pratt/neural_network/ImagesCollection/IMG0/Image_1609962066418826.jpg,0.0
/home/harry/pratt/neural_network/ImagesCollection/IMG0/Image_1609962066434147.jpg,0.0
/home/harry/pratt/neural_network/ImagesCollection/IMG0/Image_1609962066459532.jpg,0.0
/home/harry/pratt/neural_network/ImagesCollection/IMG0/Image_1609962066478025.jpg,0.0
/home/harry/pratt/neural_network/ImagesCollection/IMG0/Image_1609962066495045.jpg,0.0
/home/harry/pratt/neural_network/ImagesCollection/IMG0/Image_1609962066513994.jpg,0.0
/home/harry/pratt/neural_network/ImagesCollection/IMG0/Image_1609962066532031.jpg,0.0
/home/harry/pratt/neural_network/ImagesCollection/IMG0/Image_1609962066550977.jpg,0.0
/home/harry/pratt/neural_network/ImagesCollection/IMG0/Image_1609962066569042.jpg,0.0
/home/harry/pratt/neural_network/ImagesCollection/IMG0/Image_1609962066585353.jpg,0.0
/home/harry/pratt/neural_network/ImagesCollection/IMG0/Image_1609962066598616.jpg,0.0
/home/harry/pratt/neural_network/ImagesCollection/IMG0/Image_1609962066614851.jpg,-0.03
/home/harry/pratt/neural_network/ImagesCollection/IMG0/Image_1609962066634635.jpg,-0.06
/home/harry/pratt/neural_network/ImagesCollection/IMG0/Image_1609962066654904.jpg,-0.15
/home/harry/pratt/neural_network/ImagesCollection/IMG0/Image_1609962066674589.jpg,-0.16
/home/harry/pratt/neural_network/ImagesCollection/IMG0/Image_1609962066693281.jpg,-0.17
/home/harry/pratt/neural_network/ImagesCollection/IMG0/Image_1609962066711593.jpg,-0.17
/home/harry/pratt/neural_network/ImagesCollection/IMG0/Image_1609962066735074.jpg,-0.17
/home/harry/pratt/neural_network/ImagesCollection/IMG0/Image_1609962066752061.jpg,-0.17
/home/harry/pratt/neural_network/ImagesCollection/IMG0/Image_1609962066767534.jpg,-0.17
/home/harry/pratt/neural_network/ImagesCollection/IMG0/Image_1609962066788232.jpg,-0.18
/home/harry/pratt/neural_network/ImagesCollection/IMG0/Image_1609962066802889.jpg,-0.18
/home/harry/pratt/neural_network/ImagesCollection/IMG0/Image_1609962066824964.jpg,-0.18
/home/harry/pratt/neural_network/ImagesCollection/IMG0/Image_1609962066837509.jpg,-0.18
/home/harry/pratt/neural_network/ImagesCollection/IMG0/Image_1609962066860173.jpg,-0.18
/home/harry/pratt/neural_network/ImagesCollection/IMG0/Image_1609962066880554.jpg,-0.07
/home/harry/pratt/neural_network/ImagesCollection/IMG0/Image_1609962066898548.jpg,-0.06
/home/harry/pratt/neural_network/ImagesCollection/IMG0/Image_1609962066921664.jpg,-0.01
/home/harry/pratt/neural_network/ImagesCollection/IMG0/Image_1609962066936501.jpg,0.0
/home/harry/pratt/neural_network/ImagesCollection/IMG0/Image_1609962066958246.jpg,0.0
/home/harry/pratt/neural_network/ImagesCollection/IMG0/Image_1609962066969963.jpg,0.0
/home/harry/pratt/neural_network/ImagesCollection/IMG0/Image_1609962066982429.jpg,0.0
/home/harry/pratt/neural_network/ImagesCollection/IMG0/Image_1609962067009022.jpg,0.0
/home/harry/pratt/neural_network/ImagesCollection/IMG0/Image_1609962067021384.jpg,0.0
/home/harry/pratt/neural_network/ImagesCollection/IMG0/Image_1609962067039826.jpg,0.0
/home/harry/pratt/neural_network/ImagesCollection/IMG0/Image_1609962067053527.jpg,0.0
/home/harry/pratt/neural_network/ImagesCollection/IMG0/Image_1609962067076587.jpg,0.0
/home/harry/pratt/neural_network/ImagesCollection/IMG0/Image_1609962067092741.jpg,0.0
/home/harry/pratt/neural_network/ImagesCollection/IMG0/Image_1609962067107438.jpg,0.0
/home/harry/pratt/neural_network/ImagesCollection/IMG0/Image_1609962067124866.jpg,0.0
/home/harry/pratt/neural_network/ImagesCollection/IMG0/Image_1609962067138345.jpg,0.0
/home/harry/pratt/neural_network/ImagesCollection/IMG0/Image_1609962067153229.jpg,0.0
/home/harry/pratt/neural_network/ImagesCollection/IMG0/Image_1609962067171363.jpg,0.0
/home/harry/pratt/neural_network/ImagesCollection/IMG0/Image_1609962067192791.jpg,0.0
/home/harry/pratt/neural_network/ImagesCollection/IMG0/Image_1609962067205727.jpg,0.0
/home/harry/pratt/neural_network/ImagesCollection/IMG0/Image_1609962067223139.jpg,0.0
/home/harry/pratt/neural_network/ImagesCollection/IMG0/Image_1609962067241574.jpg,0.0
/home/harry/pratt/neural_network/ImagesCollection/IMG0/Image_1609962067253579.jpg,0.0
/home/harry/pratt/neural_network/ImagesCollection/IMG0/Image_1609962067270338.jpg,0.0
/home/harry/pratt/neural_network/ImagesCollection/IMG0/Image_160996206728893.jpg,0.0
/home/harry/pratt/neural_network/ImagesCollection/IMG0/Image_1609962067307531.jpg,0.0
/home/harry/pratt/neural_network/ImagesCollection/IMG0/Image_1609962067324707.jpg,0.0
/home/harry/pratt/neural_network/ImagesCollection/IMG0/Image_1609962067352416.jpg,0.0
/home/harry/pratt/neural_network/ImagesCollection/IMG0/Image_1609962067368616.jpg,0.0
/home/harry/pratt/neural_network/ImagesCollection/IMG0/Image_1609962067393255.jpg,0.0
/home/harry/pratt/neural_network/ImagesCollection/IMG0/Image_1609962067408229.jpg,0.0
/home/harry/pratt/neural_network/ImagesCollection/IMG0/Image_160996206742323.jpg,0.0
/home/harry/pratt/neural_network/ImagesCollection/IMG0/Image_1609962067444612.jpg,0.0
/home/harry/pratt/neural_network/ImagesCollection/IMG0/Image_1609962067460033.jpg,0.0
/home/harry/pratt/neural_network/ImagesCollection/IMG0/Image_1609962067472716.jpg,0.0
/home/harry/pratt/neural_network/ImagesCollection/IMG0/Image_1609962067492784.jpg,0.0
/home/harry/pratt/neural_network/ImagesCollection/IMG0/Image_1609962067504466.jpg,0.0
/home/harry/pratt/neural_network/ImagesCollection/IMG0/Image_1609962067519893.jpg,0.0
/home/harry/pratt/neural_network/ImagesCollection/IMG0/Image_1609962067537656.jpg,0.0
/home/harry/pratt/neural_network/ImagesCollection/IMG0/Image_1609962067559008.jpg,0.0
/home/harry/pratt/neural_network/ImagesCollection/IMG0/Image_1609962067570606.jpg,0.0
/home/harry/pratt/neural_network/ImagesCollection/IMG0/Image_1609962067591342.jpg,0.0
/home/harry/pratt/neural_network/ImagesCollection/IMG0/Image_1609962067610272.jpg,0.0
/home/harry/pratt/neural_network/ImagesCollection/IMG0/Image_1609962067625993.jpg,0.0
/home/harry/pratt/neural_network/ImagesCollection/IMG0/Image_1609962067641221.jpg,0.0
/home/harry/pratt/neural_network/ImagesCollection/IMG0/Image_1609962067659387.jpg,0.0
/home/harry/pratt/neural_network/ImagesCollection/IMG0/Image_16099620676765.jpg,0.0
/home/harry/pratt/neural_network/ImagesCollection/IMG0/Image_1609962067689813.jpg,0.0
/home/harry/pratt/neural_network/ImagesCollection/IMG0/Image_1609962067707173.jpg,0.0
/home/harry/pratt/neural_network/ImagesCollection/IMG0/Image_1609962067724907.jpg,0.0
/home/harry/pratt/neural_network/ImagesCollection/IMG0/Image_1609962067744118.jpg,0.0
/home/harry/pratt/neural_network/ImagesCollection/IMG0/Image_1609962067761254.jpg,0.0
/home/harry/pratt/neural_network/ImagesCollection/IMG0/Image_1609962067780112.jpg,-0.04
/home/harry/pratt/neural_network/ImagesCollection/IMG0/Image_1609962067811765.jpg,-0.06
/home/harry/pratt/neural_network/ImagesCollection/IMG0/Image_1609962067829319.jpg,-0.08
/home/harry/pratt/neural_network/ImagesCollection/IMG0/Image_1609962067845683.jpg,-0.08
/home/harry/pratt/neural_network/ImagesCollection/IMG0/Image_1609962067867066.jpg,-0.08
/home/harry/pratt/neural_network/ImagesCollection/IMG0/Image_1609962067879131.jpg,-0.08
/home/harry/pratt/neural_network/ImagesCollection/IMG0/Image_1609962067901581.jpg,-0.08
/home/harry/pratt/neural_network/ImagesCollection/IMG0/Image_1609962067925361.jpg,-0.08
/home/harry/pratt/neural_network/ImagesCollection/IMG0/Image_1609962067937905.jpg,-0.08
/home/harry/pratt/neural_network/ImagesCollection/IMG0/Image_1609962067959111.jpg,-0.08
/home/harry/pratt/neural_network/ImagesCollection/IMG0/Image_1609962067974833.jpg,-0.08
/home/harry/pratt/neural_network/ImagesCollection/IMG0/Image_1609962067994773.jpg,-0.08
/home/harry/pratt/neural_network/ImagesCollection/IMG0/Image_1609962068014891.jpg,-0.05
/home/harry/pratt/neural_network/ImagesCollection/IMG0/Image_1609962068033127.jpg,0.0
/home/harry/pratt/neural_network/ImagesCollection/IMG0/Image_1609962068052159.jpg,0.0
/home/harry/pratt/neural_network/ImagesCollection/IMG0/Image_1609962068073738.jpg,0.0
/home/harry/pratt/neural_network/ImagesCollection/IMG0/Image_1609962068087596.jpg,0.0
/home/harry/pratt/neural_network/ImagesCollection/IMG0/Image_1609962068104097.jpg,0.0
/home/harry/pratt/neural_network/ImagesCollection/IMG0/Image_1609962068119103.jpg,0.0
/home/harry/pratt/neural_network/ImagesCollection/IMG0/Image_1609962068134927.jpg,0.0
/home/harry/pratt/neural_network/ImagesCollection/IMG0/Image_1609962068153449.jpg,0.0
/home/harry/pratt/neural_network/ImagesCollection/IMG0/Image_1609962068174627.jpg,0.0
/home/harry/pratt/neural_network/ImagesCollection/IMG0/Image_1609962068192011.jpg,0.0
/home/harry/pratt/neural_network/ImagesCollection/IMG0/Image_1609962068207907.jpg,0.0
/home/harry/pratt/neural_network/ImagesCollection/IMG0/Image_1609962068224838.jpg,0.0
/home/harry/pratt/neural_network/ImagesCollection/IMG0/Image_1609962068249247.jpg,0.0
/home/harry/pratt/neural_network/ImagesCollection/IMG0/Image_1609962068270691.jpg,0.0
/home/harry/pratt/neural_network/ImagesCollection/IMG0/Image_1609962068291971.jpg,0.0
/home/harry/pratt/neural_network/ImagesCollection/IMG0/Image_1609962068304493.jpg,0.0
/home/harry/pratt/neural_network/ImagesCollection/IMG0/Image_1609962068326346.jpg,0.0
/home/harry/pratt/neural_network/ImagesCollection/IMG0/Image_1609962068343125.jpg,0.0
/home/harry/pratt/neural_network/ImagesCollection/IMG0/Image_1609962068358929.jpg,0.0
/home/harry/pratt/neural_network/ImagesCollection/IMG0/Image_1609962068375079.jpg,0.0
/home/harry/pratt/neural_network/ImagesCollection/IMG0/Image_1609962068391637.jpg,0.0
/home/harry/pratt/neural_network/ImagesCollection/IMG0/Image_1609962068408449.jpg,0.0
/home/harry/pratt/neural_network/ImagesCollection/IMG0/Image_1609962068427109.jpg,-0.02
/home/harry/pratt/neural_network/ImagesCollection/IMG0/Image_1609962068441913.jpg,-0.04
/home/harry/pratt/neural_network/ImagesCollection/IMG0/Image_1609962068463639.jpg,-0.06
/home/harry/pratt/neural_network/ImagesCollection/IMG0/Image_160996206848493.jpg,-0.16
/home/harry/pratt/neural_network/ImagesCollection/IMG0/Image_1609962068502293.jpg,-0.22
/home/harry/pratt/neural_network/ImagesCollection/IMG0/Image_1609962068523282.jpg,-0.25
/home/harry/pratt/neural_network/ImagesCollection/IMG0/Image_160996206854237.jpg,-0.28
/home/harry/pratt/neural_network/ImagesCollection/IMG0/Image_1609962068555258.jpg,-0.28
/home/harry/pratt/neural_network/ImagesCollection/IMG0/Image_1609962068574695.jpg,-0.29
/home/harry/pratt/neural_network/ImagesCollection/IMG0/Image_1609962068594731.jpg,-0.29
/home/harry/pratt/neural_network/ImagesCollection/IMG0/Image_1609962068614809.jpg,-0.28
/home/harry/pratt/neural_network/ImagesCollection/IMG0/Image_1609962068632042.jpg,-0.29
/home/harry/pratt/neural_network/ImagesCollection/IMG0/Image_1609962068652291.jpg,-0.29
/home/harry/pratt/neural_network/ImagesCollection/IMG0/Image_1609962068667481.jpg,-0.29
/home/harry/pratt/neural_network/ImagesCollection/IMG0/Image_1609962068684063.jpg,-0.28
/home/harry/pratt/neural_network/ImagesCollection/IMG0/Image_1609962068703838.jpg,-0.29
/home/harry/pratt/neural_network/ImagesCollection/IMG0/Image_1609962068721363.jpg,-0.29
/home/harry/pratt/neural_network/ImagesCollection/IMG0/Image_160996206873591.jpg,-0.28
/home/harry/pratt/neural_network/ImagesCollection/IMG0/Image_1609962068751732.jpg,-0.28
/home/harry/pratt/neural_network/ImagesCollection/IMG0/Image_1609962068773899.jpg,-0.25
/home/harry/pratt/neural_network/ImagesCollection/IMG0/Image_1609962068793198.jpg,-0.22
/home/harry/pratt/neural_network/ImagesCollection/IMG0/Image_1609962068814457.jpg,-0.17
/home/harry/pratt/neural_network/ImagesCollection/IMG0/Image_1609962068829845.jpg,-0.17
/home/harry/pratt/neural_network/ImagesCollection/IMG0/Image_1609962068843632.jpg,-0.17
/home/harry/pratt/neural_network/ImagesCollection/IMG0/Image_1609962068859141.jpg,-0.17
/home/harry/pratt/neural_network/ImagesCollection/IMG0/Image_1609962068874806.jpg,-0.17
/home/harry/pratt/neural_network/ImagesCollection/IMG0/Image_1609962068893015.jpg,-0.17
/home/harry/pratt/neural_network/ImagesCollection/IMG0/Image_1609962068917238.jpg,-0.17
/home/harry/pratt/neural_network/ImagesCollection/IMG0/Image_1609962068933764.jpg,-0.17
/home/harry/pratt/neural_network/ImagesCollection/IMG0/Image_1609962068955086.jpg,-0.17
/home/harry/pratt/neural_network/ImagesCollection/IMG0/Image_1609962068975883.jpg,-0.17
/home/harry/pratt/neural_network/ImagesCollection/IMG0/Image_1609962068989028.jpg,-0.17
/home/harry/pratt/neural_network/ImagesCollection/IMG0/Image_1609962069002177.jpg,-0.17
/home/harry/pratt/neural_network/ImagesCollection/IMG0/Image_1609962069019646.jpg,-0.18
/home/harry/pratt/neural_network/ImagesCollection/IMG0/Image_1609962069034549.jpg,-0.23
/home/harry/pratt/neural_network/ImagesCollection/IMG0/Image_1609962069053012.jpg,-0.27
/home/harry/pratt/neural_network/ImagesCollection/IMG0/Image_1609962069068943.jpg,-0.3
/home/harry/pratt/neural_network/ImagesCollection/IMG0/Image_1609962069086924.jpg,-0.31
/home/harry/pratt/neural_network/ImagesCollection/IMG0/Image_1609962069109447.jpg,-0.32
/home/harry/pratt/neural_network/ImagesCollection/IMG0/Image_160996206912184.jpg,-0.33
/home/harry/pratt/neural_network/ImagesCollection/IMG0/Image_1609962069142174.jpg,-0.33
/home/harry/pratt/neural_network/ImagesCollection/IMG0/Image_1609962069158142.jpg,-0.33
/home/harry/pratt/neural_network/ImagesCollection/IMG0/Image_160996206917707.jpg,-0.33
/home/harry/pratt/neural_network/ImagesCollection/IMG0/Image_1609962069195543.jpg,-0.33
/home/harry/pratt/neural_network/ImagesCollection/IMG0/Image_1609962069213822.jpg,-0.31
/home/harry/pratt/neural_network/ImagesCollection/IMG0/Image_160996206923984.jpg,-0.21
/home/harry/pratt/neural_network/ImagesCollection/IMG0/Image_1609962069254667.jpg,-0.04
/home/harry/pratt/neural_network/ImagesCollection/IMG0/Image_1609962069274593.jpg,0.0
/home/harry/pratt/neural_network/ImagesCollection/IMG0/Image_1609962069287708.jpg,0.0
/home/harry/pratt/neural_network/ImagesCollection/IMG0/Image_1609962069308357.jpg,0.0
/home/harry/pratt/neural_network/ImagesCollection/IMG0/Image_1609962069323253.jpg,0.0
/home/harry/pratt/neural_network/ImagesCollection/IMG0/Image_1609962069348068.jpg,0.0
/home/harry/pratt/neural_network/ImagesCollection/IMG0/Image_1609962069363513.jpg,0.0
/home/harry/pratt/neural_network/ImagesCollection/IMG0/Image_1609962069378032.jpg,0.0
/home/harry/pratt/neural_network/ImagesCollection/IMG0/Image_1609962069405156.jpg,0.0
/home/harry/pratt/neural_network/ImagesCollection/IMG0/Image_1609962069419435.jpg,0.0
/home/harry/pratt/neural_network/ImagesCollection/IMG0/Image_160996206944094.jpg,0.0
/home/harry/pratt/neural_network/ImagesCollection/IMG0/Image_1609962069456356.jpg,0.0
/home/harry/pratt/neural_network/ImagesCollection/IMG0/Image_160996206947108.jpg,0.0
/home/harry/pratt/neural_network/ImagesCollection/IMG0/Image_1609962069485639.jpg,0.0
/home/harry/pratt/neural_network/ImagesCollection/IMG0/Image_1609962069502174.jpg,0.0
/home/harry/pratt/neural_network/ImagesCollection/IMG0/Image_1609962069519609.jpg,0.0
/home/harry/pratt/neural_network/ImagesCollection/IMG0/Image_1609962069536098.jpg,0.0
/home/harry/pratt/neural_network/ImagesCollection/IMG0/Image_1609962069552265.jpg,0.0
/home/harry/pratt/neural_network/ImagesCollection/IMG0/Image_1609962069577002.jpg,0.0
/home/harry/pratt/neural_network/ImagesCollection/IMG0/Image_1609962069597448.jpg,0.0
/home/harry/pratt/neural_network/ImagesCollection/IMG0/Image_1609962069617136.jpg,0.0
/home/harry/pratt/neural_network/ImagesCollection/IMG0/Image_1609962069637456.jpg,0.0
/home/harry/pratt/neural_network/ImagesCollection/IMG0/Image_1609962069652928.jpg,0.0
/home/harry/pratt/neural_network/ImagesCollection/IMG0/Image_1609962069674218.jpg,0.0
/home/harry/pratt/neural_network/ImagesCollection/IMG0/Image_1609962069687775.jpg,0.0
/home/harry/pratt/neural_network/ImagesCollection/IMG0/Image_1609962069704321.jpg,0.0
/home/harry/pratt/neural_network/ImagesCollection/IMG0/Image_1609962069725153.jpg,0.0
/home/harry/pratt/neural_network/ImagesCollection/IMG0/Image_1609962069742498.jpg,0.0
/home/harry/pratt/neural_network/ImagesCollection/IMG0/Image_1609962069760228.jpg,0.0
/home/harry/pratt/neural_network/ImagesCollection/IMG0/Image_1609962069780797.jpg,0.0
/home/harry/pratt/neural_network/ImagesCollection/IMG0/Image_1609962069796712.jpg,0.0
/home/harry/pratt/neural_network/ImagesCollection/IMG0/Image_1609962069812916.jpg,0.0
/home/harry/pratt/neural_network/ImagesCollection/IMG0/Image_1609962069843359.jpg,0.0
/home/harry/pratt/neural_network/ImagesCollection/IMG0/Image_1609962069863979.jpg,0.0
/home/harry/pratt/neural_network/ImagesCollection/IMG0/Image_1609962069878447.jpg,0.0
/home/harry/pratt/neural_network/ImagesCollection/IMG0/Image_1609962069894041.jpg,0.0
/home/harry/pratt/neural_network/ImagesCollection/IMG0/Image_160996206991224.jpg,0.0
/home/harry/pratt/neural_network/ImagesCollection/IMG0/Image_1609962069938695.jpg,0.0
/home/harry/pratt/neural_network/ImagesCollection/IMG0/Image_1609962069960801.jpg,0.0
/home/harry/pratt/neural_network/ImagesCollection/IMG0/Image_1609962069982053.jpg,0.0
/home/harry/pratt/neural_network/ImagesCollection/IMG0/Image_1609962069997754.jpg,0.0
/home/harry/pratt/neural_network/ImagesCollection/IMG0/Image_1609962070012782.jpg,0.0
/home/harry/pratt/neural_network/ImagesCollection/IMG0/Image_1609962070033672.jpg,0.0
/home/harry/pratt/neural_network/ImagesCollection/IMG0/Image_1609962070053379.jpg,0.0
/home/harry/pratt/neural_network/ImagesCollection/IMG0/Image_1609962070064576.jpg,0.0
/home/harry/pratt/neural_network/ImagesCollection/IMG0/Image_1609962070078195.jpg,0.0
/home/harry/pratt/neural_network/ImagesCollection/IMG0/Image_1609962070101148.jpg,0.0
/home/harry/pratt/neural_network/ImagesCollection/IMG0/Image_1609962070117583.jpg,0.0
/home/harry/pratt/neural_network/ImagesCollection/IMG0/Image_1609962070129264.jpg,0.0
/home/harry/pratt/neural_network/ImagesCollection/IMG0/Image_1609962070148313.jpg,0.0
/home/harry/pratt/neural_network/ImagesCollection/IMG0/Image_1609962070170011.jpg,0.0
/home/harry/pratt/neural_network/ImagesCollection/IMG0/Image_1609962070185782.jpg,0.0
/home/harry/pratt/neural_network/ImagesCollection/IMG0/Image_1609962070202516.jpg,0.0
/home/harry/pratt/neural_network/ImagesCollection/IMG0/Image_1609962070226593.jpg,0.0
/home/harry/pratt/neural_network/ImagesCollection/IMG0/Image_1609962070249994.jpg,0.0
/home/harry/pratt/neural_network/ImagesCollection/IMG0/Image_1609962070271062.jpg,0.0
/home/harry/pratt/neural_network/ImagesCollection/IMG0/Image_1609962070289889.jpg,0.0
/home/harry/pratt/neural_network/ImagesCollection/IMG0/Image_1609962070306526.jpg,0.0
/home/harry/pratt/neural_network/ImagesCollection/IMG0/Image_1609962070327588.jpg,0.0
/home/harry/pratt/neural_network/ImagesCollection/IMG0/Image_1609962070341583.jpg,0.0
/home/harry/pratt/neural_network/ImagesCollection/IMG0/Image_1609962070359278.jpg,0.0
/home/harry/pratt/neural_network/ImagesCollection/IMG0/Image_1609962070382301.jpg,0.0
/home/harry/pratt/neural_network/ImagesCollection/IMG0/Image_1609962070399894.jpg,0.0
/home/harry/pratt/neural_network/ImagesCollection/IMG0/Image_1609962070418552.jpg,0.0
/home/harry/pratt/neural_network/ImagesCollection/IMG0/Image_1609962070435993.jpg,0.0
/home/harry/pratt/neural_network/ImagesCollection/IMG0/Image_1609962070451028.jpg,0.0
/home/harry/pratt/neural_network/ImagesCollection/IMG0/Image_160996207046989.jpg,0.0
/home/harry/pratt/neural_network/ImagesCollection/IMG0/Image_1609962070484674.jpg,0.0
/home/harry/pratt/neural_network/ImagesCollection/IMG0/Image_1609962070505247.jpg,0.0
/home/harry/pratt/neural_network/ImagesCollection/IMG0/Image_1609962070526255.jpg,0.0
/home/harry/pratt/neural_network/ImagesCollection/IMG0/Image_1609962070541842.jpg,0.0
/home/harry/pratt/neural_network/ImagesCollection/IMG0/Image_1609962070559688.jpg,0.0
/home/harry/pratt/neural_network/ImagesCollection/IMG0/Image_1609962070576152.jpg,0.0
/home/harry/pratt/neural_network/ImagesCollection/IMG0/Image_1609962070592375.jpg,0.0
/home/harry/pratt/neural_network/ImagesCollection/IMG0/Image_1609962070611461.jpg,0.0
/home/harry/pratt/neural_network/ImagesCollection/IMG0/Image_1609962070630963.jpg,0.0
/home/harry/pratt/neural_network/ImagesCollection/IMG0/Image_1609962070650546.jpg,0.0
/home/harry/pratt/neural_network/ImagesCollection/IMG0/Image_1609962070671957.jpg,0.0
/home/harry/pratt/neural_network/ImagesCollection/IMG0/Image_1609962070688545.jpg,0.0
/home/harry/pratt/neural_network/ImagesCollection/IMG0/Image_1609962070702013.jpg,0.0
/home/harry/pratt/neural_network/ImagesCollection/IMG0/Image_1609962070718624.jpg,0.0
/home/harry/pratt/neural_network/ImagesCollection/IMG0/Image_160996207073982.jpg,0.0
/home/harry/pratt/neural_network/ImagesCollection/IMG0/Image_1609962070755404.jpg,0.0
/home/harry/pratt/neural_network/ImagesCollection/IMG0/Image_160996207077447.jpg,0.0
/home/harry/pratt/neural_network/ImagesCollection/IMG0/Image_160996207079216.jpg,0.0
/home/harry/pratt/neural_network/ImagesCollection/IMG0/Image_1609962070821213.jpg,0.0
/home/harry/pratt/neural_network/ImagesCollection/IMG0/Image_1609962070841068.jpg,0.0
/home/harry/pratt/neural_network/ImagesCollection/IMG0/Image_1609962070854699.jpg,0.0
/home/harry/pratt/neural_network/ImagesCollection/IMG0/Image_1609962070872878.jpg,0.0
/home/harry/pratt/neural_network/ImagesCollection/IMG0/Image_1609962070890487.jpg,0.0
/home/harry/pratt/neural_network/ImagesCollection/IMG0/Image_1609962070904457.jpg,0.0
/home/harry/pratt/neural_network/ImagesCollection/IMG0/Image_1609962070920214.jpg,0.0
/home/harry/pratt/neural_network/ImagesCollection/IMG0/Image_1609962070936253.jpg,0.0
/home/harry/pratt/neural_network/ImagesCollection/IMG0/Image_1609962070959104.jpg,0.0
/home/harry/pratt/neural_network/ImagesCollection/IMG0/Image_1609962070972893.jpg,0.0
/home/harry/pratt/neural_network/ImagesCollection/IMG0/Image_160996207098973.jpg,0.0
/home/harry/pratt/neural_network/ImagesCollection/IMG0/Image_1609962071008398.jpg,0.0
/home/harry/pratt/neural_network/ImagesCollection/IMG0/Image_1609962071028417.jpg,0.0
/home/harry/pratt/neural_network/ImagesCollection/IMG0/Image_1609962071044302.jpg,0.0
/home/harry/pratt/neural_network/ImagesCollection/IMG0/Image_1609962071058367.jpg,0.0
/home/harry/pratt/neural_network/ImagesCollection/IMG0/Image_160996207107534.jpg,0.0
/home/harry/pratt/neural_network/ImagesCollection/IMG0/Image_1609962071093264.jpg,0.0
/home/harry/pratt/neural_network/ImagesCollection/IMG0/Image_1609962071108656.jpg,0.0
/home/harry/pratt/neural_network/ImagesCollection/IMG0/Image_1609962071126102.jpg,0.0
/home/harry/pratt/neural_network/ImagesCollection/IMG0/Image_160996207114454.jpg,0.0
/home/harry/pratt/neural_network/ImagesCollection/IMG0/Image_1609962071172972.jpg,0.0
/home/harry/pratt/neural_network/ImagesCollection/IMG0/Image_1609962071188032.jpg,0.0
/home/harry/pratt/neural_network/ImagesCollection/IMG0/Image_1609962071203273.jpg,0.0
/home/harry/pratt/neural_network/ImagesCollection/IMG0/Image_160996207121795.jpg,0.0
/home/harry/pratt/neural_network/ImagesCollection/IMG0/Image_1609962071240323.jpg,0.0
/home/harry/pratt/neural_network/ImagesCollection/IMG0/Image_1609962071253666.jpg,0.0
/home/harry/pratt/neural_network/ImagesCollection/IMG0/Image_1609962071270406.jpg,0.0
/home/harry/pratt/neural_network/ImagesCollection/IMG0/Image_1609962071289957.jpg,0.0
/home/harry/pratt/neural_network/ImagesCollection/IMG0/Image_160996207130833.jpg,0.0
/home/harry/pratt/neural_network/ImagesCollection/IMG0/Image_1609962071330594.jpg,0.0
/home/harry/pratt/neural_network/ImagesCollection/IMG0/Image_1609962071344096.jpg,0.0
/home/harry/pratt/neural_network/ImagesCollection/IMG0/Image_1609962071359653.jpg,0.0
/home/harry/pratt/neural_network/ImagesCollection/IMG0/Image_1609962071377905.jpg,0.0
/home/harry/pratt/neural_network/ImagesCollection/IMG0/Image_1609962071395693.jpg,0.0
/home/harry/pratt/neural_network/ImagesCollection/IMG0/Image_1609962071412222.jpg,0.0
/home/harry/pratt/neural_network/ImagesCollection/IMG0/Image_1609962071440036.jpg,0.0
/home/harry/pratt/neural_network/ImagesCollection/IMG0/Image_1609962071459528.jpg,0.0
/home/harry/pratt/neural_network/ImagesCollection/IMG0/Image_16099620714776.jpg,0.0
/home/harry/pratt/neural_network/ImagesCollection/IMG0/Image_1609962071498817.jpg,0.0
/home/harry/pratt/neural_network/ImagesCollection/IMG0/Image_1609962071520238.jpg,0.0
/home/harry/pratt/neural_network/ImagesCollection/IMG0/Image_1609962071539269.jpg,0.0
/home/harry/pratt/neural_network/ImagesCollection/IMG0/Image_1609962071553206.jpg,0.0
/home/harry/pratt/neural_network/ImagesCollection/IMG0/Image_1609962071574415.jpg,0.0
/home/harry/pratt/neural_network/ImagesCollection/IMG0/Image_1609962071586122.jpg,0.0
/home/harry/pratt/neural_network/ImagesCollection/IMG0/Image_1609962071602504.jpg,0.0
/home/harry/pratt/neural_network/ImagesCollection/IMG0/Image_1609962071621695.jpg,0.0
/home/harry/pratt/neural_network/ImagesCollection/IMG0/Image_160996207163826.jpg,0.0
/home/harry/pratt/neural_network/ImagesCollection/IMG0/Image_1609962071661209.jpg,0.0
/home/harry/pratt/neural_network/ImagesCollection/IMG0/Image_1609962071680894.jpg,0.0
/home/harry/pratt/neural_network/ImagesCollection/IMG0/Image_1609962071699476.jpg,0.0
/home/harry/pratt/neural_network/ImagesCollection/IMG0/Image_1609962071717157.jpg,0.0
/home/harry/pratt/neural_network/ImagesCollection/IMG0/Image_1609962071735047.jpg,0.0
/home/harry/pratt/neural_network/ImagesCollection/IMG0/Image_1609962071756725.jpg,0.0
/home/harry/pratt/neural_network/ImagesCollection/IMG0/Image_1609962071769722.jpg,0.0
/home/harry/pratt/neural_network/ImagesCollection/IMG0/Image_1609962071785518.jpg,0.0
/home/harry/pratt/neural_network/ImagesCollection/IMG0/Image_1609962071801749.jpg,0.0
/home/harry/pratt/neural_network/ImagesCollection/IMG0/Image_1609962071822844.jpg,0.0
/home/harry/pratt/neural_network/ImagesCollection/IMG0/Image_1609962071833858.jpg,0.0
/home/harry/pratt/neural_network/ImagesCollection/IMG0/Image_1609962071849738.jpg,0.0
/home/harry/pratt/neural_network/ImagesCollection/IMG0/Image_1609962071866894.jpg,0.0
/home/harry/pratt/neural_network/ImagesCollection/IMG0/Image_1609962071888388.jpg,0.0
/home/harry/pratt/neural_network/ImagesCollection/IMG0/Image_1609962071905394.jpg,0.0
/home/harry/pratt/neural_network/ImagesCollection/IMG0/Image_1609962071918175.jpg,0.0
/home/harry/pratt/neural_network/ImagesCollection/IMG0/Image_1609962071936984.jpg,0.0
/home/harry/pratt/neural_network/ImagesCollection/IMG0/Image_1609962071953041.jpg,0.0
/home/harry/pratt/neural_network/ImagesCollection/IMG0/Image_160996207197389.jpg,0.0
/home/harry/pratt/neural_network/ImagesCollection/IMG0/Image_1609962071993012.jpg,0.0
/home/harry/pratt/neural_network/ImagesCollection/IMG0/Image_1609962072008926.jpg,0.0
/home/harry/pratt/neural_network/ImagesCollection/IMG0/Image_1609962072024842.jpg,0.0
/home/harry/pratt/neural_network/ImagesCollection/IMG0/Image_1609962072043107.jpg,0.0
/home/harry/pratt/neural_network/ImagesCollection/IMG0/Image_1609962072060874.jpg,0.0
/home/harry/pratt/neural_network/ImagesCollection/IMG0/Image_1609962072077421.jpg,0.0
/home/harry/pratt/neural_network/ImagesCollection/IMG0/Image_1609962072096043.jpg,0.0
/home/harry/pratt/neural_network/ImagesCollection/IMG0/Image_1609962072114191.jpg,0.0
/home/harry/pratt/neural_network/ImagesCollection/IMG0/Image_1609962072133858.jpg,0.0
/home/harry/pratt/neural_network/ImagesCollection/IMG0/Image_1609962072155107.jpg,0.0
/home/harry/pratt/neural_network/ImagesCollection/IMG0/Image_1609962072174985.jpg,0.0
/home/harry/pratt/neural_network/ImagesCollection/IMG0/Image_1609962072190522.jpg,0.0
/home/harry/pratt/neural_network/ImagesCollection/IMG0/Image_160996207220787.jpg,0.0
/home/harry/pratt/neural_network/ImagesCollection/IMG0/Image_1609962072226277.jpg,0.0
/home/harry/pratt/neural_network/ImagesCollection/IMG0/Image_1609962072240472.jpg,0.0
/home/harry/pratt/neural_network/ImagesCollection/IMG0/Image_1609962072261443.jpg,0.0
/home/harry/pratt/neural_network/ImagesCollection/IMG0/Image_160996207228021.jpg,0.0
/home/harry/pratt/neural_network/ImagesCollection/IMG0/Image_1609962072299357.jpg,0.0
/home/harry/pratt/neural_network/ImagesCollection/IMG0/Image_1609962072320863.jpg,0.0
/home/harry/pratt/neural_network/ImagesCollection/IMG0/Image_1609962072342215.jpg,0.0
/home/harry/pratt/neural_network/ImagesCollection/IMG0/Image_1609962072359923.jpg,0.0
/home/harry/pratt/neural_network/ImagesCollection/IMG0/Image_1609962072387917.jpg,0.0
/home/harry/pratt/neural_network/ImagesCollection/IMG0/Image_1609962072408468.jpg,0.0
/home/harry/pratt/neural_network/ImagesCollection/IMG0/Image_1609962072421257.jpg,0.0
/home/harry/pratt/neural_network/ImagesCollection/IMG0/Image_1609962072441534.jpg,0.0
/home/harry/pratt/neural_network/ImagesCollection/IMG0/Image_1609962072457563.jpg,0.0
/home/harry/pratt/neural_network/ImagesCollection/IMG0/Image_1609962072476556.jpg,0.0
/home/harry/pratt/neural_network/ImagesCollection/IMG0/Image_1609962072491773.jpg,0.0
/home/harry/pratt/neural_network/ImagesCollection/IMG0/Image_1609962072506052.jpg,0.0
/home/harry/pratt/neural_network/ImagesCollection/IMG0/Image_1609962072526626.jpg,0.0
/home/harry/pratt/neural_network/ImagesCollection/IMG0/Image_1609962072543194.jpg,0.0
/home/harry/pratt/neural_network/ImagesCollection/IMG0/Image_1609962072557907.jpg,0.0
/home/harry/pratt/neural_network/ImagesCollection/IMG0/Image_1609962072581798.jpg,0.0
/home/harry/pratt/neural_network/ImagesCollection/IMG0/Image_1609962072600669.jpg,0.0
/home/harry/pratt/neural_network/ImagesCollection/IMG0/Image_160996207262135.jpg,0.0
/home/harry/pratt/neural_network/ImagesCollection/IMG0/Image_1609962072638818.jpg,0.0
/home/harry/pratt/neural_network/ImagesCollection/IMG0/Image_1609962072657208.jpg,0.0
/home/harry/pratt/neural_network/ImagesCollection/IMG0/Image_1609962072669183.jpg,0.0
/home/harry/pratt/neural_network/ImagesCollection/IMG0/Image_1609962072684282.jpg,0.0
/home/harry/pratt/neural_network/ImagesCollection/IMG0/Image_1609962072707143.jpg,0.0
/home/harry/pratt/neural_network/ImagesCollection/IMG0/Image_1609962072726868.jpg,0.0
/home/harry/pratt/neural_network/ImagesCollection/IMG0/Image_1609962072745837.jpg,0.0
/home/harry/pratt/neural_network/ImagesCollection/IMG0/Image_1609962072761669.jpg,0.0
/home/harry/pratt/neural_network/ImagesCollection/IMG0/Image_1609962072776389.jpg,0.0
/home/harry/pratt/neural_network/ImagesCollection/IMG0/Image_1609962072793487.jpg,0.0
/home/harry/pratt/neural_network/ImagesCollection/IMG0/Image_1609962072811432.jpg,0.0
/home/harry/pratt/neural_network/ImagesCollection/IMG0/Image_1609962072836408.jpg,0.0
/home/harry/pratt/neural_network/ImagesCollection/IMG0/Image_1609962072857136.jpg,0.0
/home/harry/pratt/neural_network/ImagesCollection/IMG0/Image_1609962072876277.jpg,0.0
/home/harry/pratt/neural_network/ImagesCollection/IMG0/Image_1609962072892026.jpg,0.0
/home/harry/pratt/neural_network/ImagesCollection/IMG0/Image_1609962072914072.jpg,0.0
/home/harry/pratt/neural_network/ImagesCollection/IMG0/Image_1609962072931394.jpg,0.0
/home/harry/pratt/neural_network/ImagesCollection/IMG0/Image_1609962072944847.jpg,0.0
/home/harry/pratt/neural_network/ImagesCollection/IMG0/Image_1609962072964188.jpg,0.0
/home/harry/pratt/neural_network/ImagesCollection/IMG0/Image_1609962072981343.jpg,0.0
/home/harry/pratt/neural_network/ImagesCollection/IMG0/Image_1609962073002932.jpg,0.0
/home/harry/pratt/neural_network/ImagesCollection/IMG0/Image_1609962073027276.jpg,0.0
/home/harry/pratt/neural_network/ImagesCollection/IMG0/Image_1609962073045752.jpg,0.0
/home/harry/pratt/neural_network/ImagesCollection/IMG0/Image_1609962073066998.jpg,0.0
/home/harry/pratt/neural_network/ImagesCollection/IMG0/Image_1609962073084071.jpg,0.0
/home/harry/pratt/neural_network/ImagesCollection/IMG0/Image_1609962073101331.jpg,0.0
/home/harry/pratt/neural_network/ImagesCollection/IMG0/Image_1609962073117452.jpg,0.0
/home/harry/pratt/neural_network/ImagesCollection/IMG0/Image_1609962073135433.jpg,0.0
/home/harry/pratt/neural_network/ImagesCollection/IMG0/Image_1609962073150689.jpg,0.0
/home/harry/pratt/neural_network/ImagesCollection/IMG0/Image_1609962073173615.jpg,0.0
/home/harry/pratt/neural_network/ImagesCollection/IMG0/Image_1609962073192947.jpg,0.0
/home/harry/pratt/neural_network/ImagesCollection/IMG0/Image_1609962073209259.jpg,0.0
/home/harry/pratt/neural_network/ImagesCollection/IMG0/Image_1609962073226349.jpg,0.0
/home/harry/pratt/neural_network/ImagesCollection/IMG0/Image_1609962073244559.jpg,0.0
/home/harry/pratt/neural_network/ImagesCollection/IMG0/Image_1609962073267731.jpg,0.0
/home/harry/pratt/neural_network/ImagesCollection/IMG0/Image_1609962073285275.jpg,0.0
/home/harry/pratt/neural_network/ImagesCollection/IMG0/Image_160996207330131.jpg,0.0
/home/harry/pratt/neural_network/ImagesCollection/IMG0/Image_1609962073331902.jpg,0.0
/home/harry/pratt/neural_network/ImagesCollection/IMG0/Image_1609962073344061.jpg,0.0
/home/harry/pratt/neural_network/ImagesCollection/IMG0/Image_1609962073358454.jpg,0.0
/home/harry/pratt/neural_network/ImagesCollection/IMG0/Image_1609962073375888.jpg,0.0
/home/harry/pratt/neural_network/ImagesCollection/IMG0/Image_1609962073398782.jpg,0.0
/home/harry/pratt/neural_network/ImagesCollection/IMG0/Image_1609962073412536.jpg,0.0
/home/harry/pratt/neural_network/ImagesCollection/IMG0/Image_1609962073433622.jpg,0.0
/home/harry/pratt/neural_network/ImagesCollection/IMG0/Image_1609962073458609.jpg,0.0
/home/harry/pratt/neural_network/ImagesCollection/IMG0/Image_1609962073471084.jpg,0.0
/home/harry/pratt/neural_network/ImagesCollection/IMG0/Image_1609962073492908.jpg,0.0
/home/harry/pratt/neural_network/ImagesCollection/IMG0/Image_1609962073503988.jpg,0.0
/home/harry/pratt/neural_network/ImagesCollection/IMG0/Image_1609962073523663.jpg,0.0
/home/harry/pratt/neural_network/ImagesCollection/IMG0/Image_1609962073536406.jpg,0.0
/home/harry/pratt/neural_network/ImagesCollection/IMG0/Image_1609962073551705.jpg,0.0
/home/harry/pratt/neural_network/ImagesCollection/IMG0/Image_1609962073574563.jpg,0.0
/home/harry/pratt/neural_network/ImagesCollection/IMG0/Image_1609962073590857.jpg,0.0
/home/harry/pratt/neural_network/ImagesCollection/IMG0/Image_1609962073604352.jpg,0.0
/home/harry/pratt/neural_network/ImagesCollection/IMG0/Image_1609962073621152.jpg,0.0
/home/harry/pratt/neural_network/ImagesCollection/IMG0/Image_1609962073640703.jpg,0.0
/home/harry/pratt/neural_network/ImagesCollection/IMG0/Image_1609962073654002.jpg,0.0
/home/harry/pratt/neural_network/ImagesCollection/IMG0/Image_1609962073672986.jpg,0.0
/home/harry/pratt/neural_network/ImagesCollection/IMG0/Image_1609962073692332.jpg,0.0
/home/harry/pratt/neural_network/ImagesCollection/IMG0/Image_1609962073706149.jpg,0.0
/home/harry/pratt/neural_network/ImagesCollection/IMG0/Image_1609962073723198.jpg,0.0
/home/harry/pratt/neural_network/ImagesCollection/IMG0/Image_1609962073742819.jpg,0.0
/home/harry/pratt/neural_network/ImagesCollection/IMG0/Image_1609962073758563.jpg,0.0
/home/harry/pratt/neural_network/ImagesCollection/IMG0/Image_160996207377623.jpg,0.0
/home/harry/pratt/neural_network/ImagesCollection/IMG0/Image_1609962073788538.jpg,0.0
/home/harry/pratt/neural_network/ImagesCollection/IMG0/Image_1609962073806154.jpg,0.0
/home/harry/pratt/neural_network/ImagesCollection/IMG0/Image_1609962073828356.jpg,0.0
/home/harry/pratt/neural_network/ImagesCollection/IMG0/Image_1609962073849076.jpg,0.0
/home/harry/pratt/neural_network/ImagesCollection/IMG0/Image_160996207386869.jpg,0.0
/home/harry/pratt/neural_network/ImagesCollection/IMG0/Image_160996207388627.jpg,0.0
/home/harry/pratt/neural_network/ImagesCollection/IMG0/Image_160996207390209.jpg,0.0
/home/harry/pratt/neural_network/ImagesCollection/IMG0/Image_1609962073922377.jpg,0.0
/home/harry/pratt/neural_network/ImagesCollection/IMG0/Image_16099620739431.jpg,0.0
/home/harry/pratt/neural_network/ImagesCollection/IMG0/Image_1609962073955585.jpg,0.0
/home/harry/pratt/neural_network/ImagesCollection/IMG0/Image_1609962073969478.jpg,0.0
/home/harry/pratt/neural_network/ImagesCollection/IMG0/Image_1609962073990015.jpg,0.0
/home/harry/pratt/neural_network/ImagesCollection/IMG0/Image_1609962074010041.jpg,0.0
/home/harry/pratt/neural_network/ImagesCollection/IMG0/Image_160996207403525.jpg,0.0
/home/harry/pratt/neural_network/ImagesCollection/IMG0/Image_1609962074051393.jpg,0.0
/home/harry/pratt/neural_network/ImagesCollection/IMG0/Image_1609962074068974.jpg,0.0
/home/harry/pratt/neural_network/ImagesCollection/IMG0/Image_160996207409094.jpg,0.0
/home/harry/pratt/neural_network/ImagesCollection/IMG0/Image_1609962074109897.jpg,0.0
/home/harry/pratt/neural_network/ImagesCollection/IMG0/Image_1609962074124656.jpg,0.0
/home/harry/pratt/neural_network/ImagesCollection/IMG0/Image_1609962074140535.jpg,0.0
/home/harry/pratt/neural_network/ImagesCollection/IMG0/Image_1609962074159554.jpg,0.0
/home/harry/pratt/neural_network/ImagesCollection/IMG0/Image_1609962074175463.jpg,0.0
/home/harry/pratt/neural_network/ImagesCollection/IMG0/Image_1609962074201266.jpg,0.0
/home/harry/pratt/neural_network/ImagesCollection/IMG0/Image_1609962074223458.jpg,0.0
/home/harry/pratt/neural_network/ImagesCollection/IMG0/Image_1609962074241158.jpg,0.0
/home/harry/pratt/neural_network/ImagesCollection/IMG0/Image_1609962074258131.jpg,0.0
/home/harry/pratt/neural_network/ImagesCollection/IMG0/Image_1609962074277181.jpg,0.0
/home/harry/pratt/neural_network/ImagesCollection/IMG0/Image_1609962074293376.jpg,0.0
/home/harry/pratt/neural_network/ImagesCollection/IMG0/Image_1609962074310285.jpg,0.0
/home/harry/pratt/neural_network/ImagesCollection/IMG0/Image_1609962074333078.jpg,0.0
/home/harry/pratt/neural_network/ImagesCollection/IMG0/Image_1609962074349595.jpg,0.0
/home/harry/pratt/neural_network/ImagesCollection/IMG0/Image_1609962074367048.jpg,0.0
/home/harry/pratt/neural_network/ImagesCollection/IMG0/Image_160996207438716.jpg,0.0
/home/harry/pratt/neural_network/ImagesCollection/IMG0/Image_1609962074409521.jpg,0.0
/home/harry/pratt/neural_network/ImagesCollection/IMG0/Image_1609962074425682.jpg,0.0
/home/harry/pratt/neural_network/ImagesCollection/IMG0/Image_1609962074440457.jpg,0.0
/home/harry/pratt/neural_network/ImagesCollection/IMG0/Image_1609962074456351.jpg,0.0
/home/harry/pratt/neural_network/ImagesCollection/IMG0/Image_1609962074473556.jpg,0.0
/home/harry/pratt/neural_network/ImagesCollection/IMG0/Image_1609962074493789.jpg,0.0
/home/harry/pratt/neural_network/ImagesCollection/IMG0/Image_1609962074516586.jpg,0.0
/home/harry/pratt/neural_network/ImagesCollection/IMG0/Image_1609962074529115.jpg,0.0
/home/harry/pratt/neural_network/ImagesCollection/IMG0/Image_1609962074548985.jpg,0.0
/home/harry/pratt/neural_network/ImagesCollection/IMG0/Image_1609962074572975.jpg,0.0
/home/harry/pratt/neural_network/ImagesCollection/IMG0/Image_1609962074589276.jpg,0.0
/home/harry/pratt/neural_network/ImagesCollection/IMG0/Image_1609962074606661.jpg,0.0
/home/harry/pratt/neural_network/ImagesCollection/IMG0/Image_1609962074618638.jpg,0.0
/home/harry/pratt/neural_network/ImagesCollection/IMG0/Image_1609962074632605.jpg,0.0
/home/harry/pratt/neural_network/ImagesCollection/IMG0/Image_1609962074651287.jpg,0.0
/home/harry/pratt/neural_network/ImagesCollection/IMG0/Image_1609962074668804.jpg,0.0
/home/harry/pratt/neural_network/ImagesCollection/IMG0/Image_1609962074684172.jpg,0.0
/home/harry/pratt/neural_network/ImagesCollection/IMG0/Image_1609962074702449.jpg,0.0
/home/harry/pratt/neural_network/ImagesCollection/IMG0/Image_1609962074718454.jpg,0.0
/home/harry/pratt/neural_network/ImagesCollection/IMG0/Image_1609962074734797.jpg,0.0
/home/harry/pratt/neural_network/ImagesCollection/IMG0/Image_1609962074748457.jpg,0.0
/home/harry/pratt/neural_network/ImagesCollection/IMG0/Image_1609962074763309.jpg,0.0
/home/harry/pratt/neural_network/ImagesCollection/IMG0/Image_1609962074784959.jpg,0.0
/home/harry/pratt/neural_network/ImagesCollection/IMG0/Image_1609962074806997.jpg,0.0
/home/harry/pratt/neural_network/ImagesCollection/IMG0/Image_1609962074832581.jpg,0.0
/home/harry/pratt/neural_network/ImagesCollection/IMG0/Image_1609962074855611.jpg,0.0
/home/harry/pratt/neural_network/ImagesCollection/IMG0/Image_1609962074869084.jpg,0.0
/home/harry/pratt/neural_network/ImagesCollection/IMG0/Image_1609962074884973.jpg,0.0
/home/harry/pratt/neural_network/ImagesCollection/IMG0/Image_1609962074901004.jpg,0.0
